tag:search.twitter.com,2005:351835317671690241|2013-07-01T22:50:51.000Z|kavga edelim ama konu≈üalƒ±m|None|None|None|['tr']|en|tr|None|None|['[25.663883, 35.817497]', '[25.663883, 42.109993]', '[44.822762, 42.109993]', '[44.822762, 35.817497]']|Polygon|T√ºrkiye|TR|7200|None|None|None|None|None|None|None|None|None|R√ºmeysa √ñzdemir|uykugibisiyok|248312738|35|178|129|0|2028|Tweet|None|None|None
tag:search.twitter.com,2005:351835317604593666|2013-07-01T22:50:51.000Z|@shane_joersz wooooow|None|None|None|['en']|en|es|[47.29088246, -101.0379045]|Point|['[-101.043785, 47.275933]', '[-101.043785, 47.306601]', '[-101.01285, 47.306601]', '[-101.01285, 47.275933]']|Polygon|Washburn, ND|US|-21600|sevenohone|None|None|None|None|None|None|None|None|cori‚ñ≤alex.|CoBerg_|48025164|32|144|215|0|4071|Reply|http://twitter.com/shane_joersz/statuses/351828999086940160|None|None
tag:search.twitter.com,2005:351835317747191808|2013-07-01T22:50:51.000Z|„ÅäÂâç„Å®„ÅÆËÇå„ÅÆ„Åµ„Çå„ÅÇ„ÅÑ„Å™„Çì„ÅûÊ±Ç„ÇÅ„Å¶„Å™„ÅÑ„ÄÇËá™Èáç„Åó„Çç„ÄÇ|None|None|None|['ja']|en|ja|[35.70675048, 139.84273005]|Point|['[139.8332175, 35.6345694444444]', '[139.8332175, 35.7507544444444]', '[139.919876666667, 35.7507544444444]', '[139.919876666667, 35.6345694444444]']|Polygon|Ê±üÊà∏Â∑ùÂå∫, Êù±‰∫¨ÈÉΩ|JP|-36000|„Å°„Å∞|None|None|None|None|None|None|None|None|Èªí„ÅÑÊÅã‰∫∫|yamasyoyamasyo|217987801|18|37|54|0|3505|Tweet|None|None|None
tag:search.twitter.com,2005:351835317608792064|2013-07-01T22:50:51.000Z|@Gabo_navoficial yo tambien creo en ti mi charro bello:))|None|None|None|['en']|en|es|None|None|['[-80.248663, 25.986366]', '[-80.248663, 26.093192]', '[-80.102066, 26.093192]', '[-80.102066, 25.986366]']|Polygon|Hollywood, FL|US|-14400|hollywood florida|None|None|None|None|None|None|None|None|MARIA|maria_e_pena|461188787|50|438|174|1|17636|Reply|http://twitter.com/Gabo_navoficial/statuses/351835075786186752|None|None
tag:search.twitter.com,2005:351835317755592705|2013-07-01T22:50:51.000Z|—Ç–æ–ª—å–∫–æ —Ç—ã –æ–± —ç—Ç–æ–º –Ω–µ –∑–Ω–∞–µ—à—å... http://t.co/MOH8pcKyJY|['http://twitter.com/ElkaAlb/status/351835317755592705/photo/1']|None|None|['ru']|en|ru|None|None|['[23.179216999999998, 51.2626423]', '[23.179216999999998, 56.1717339]', '[32.794200000000004, 56.1717339]', '[32.794200000000004, 51.2626423]']|Polygon|Belarus|BY|None|None|None|None|None|None|None|None|None|None|–≠–ª—å–∫–∞ –ê–ª–±|ElkaAlb|1433828712|21|12|6|0|145|Tweet|None|None|None
tag:search.twitter.com,2005:351835317801730048|2013-07-01T22:50:51.000Z|I'm at B√ºy√ºk√ßekmece Sahil w/ @emineetrk http://t.co/30BZ8dBzxL|['http://test.gnip.com/mock']|['http://t.co/30BZ8dBzxL']|['http://4sq.com/1cJD0J4']|['tr']|en|tr|[41.01520298, 28.59359264]|Point|['[25.663883, 35.817497]', '[25.663883, 42.109993]', '[44.822762, 42.109993]', '[44.822762, 35.817497]']|Polygon|T√ºrkiye|TR|-18000|FENERBAH√áE TARAFTARINDIR!|None|None|None|None|None|None|None|None|√ñzg√ºr Ayƒ±|curva1907|361352064|41|226|346|0|7759|Tweet|None|None|None
tag:search.twitter.com,2005:351835317554257920|2013-07-01T22:50:51.000Z|Dile Al Amor &gt;&gt;&gt;|None|None|None|['en']|en|pt|[47.4355124, -120.3279417]|Point|['[-120.364921, 47.396859]', '[-120.364921, 47.458797]', '[-120.29258, 47.458797]', '[-120.29258, 47.396859]']|Polygon|Wenatchee, WA|US|-28800|Wenatchee, Washington|None|None|None|None|None|None|None|None|Mailari ‚ô•|MailariMunoz|30740676|42|247|64|1|2438|Tweet|None|None|None
tag:search.twitter.com,2005:351835318552506369|2013-07-01T22:50:51.000Z|Baƒüƒ±ra baƒüƒ±ra ≈üarkƒ± s√∂ylemek istiyoruum|None|None|None|['tr']|en|tr|[40.8025861, 29.4308738]|Point|None|None|None|None|-18000|None|None|None|None|None|None|None|None|None|Yaƒümur|ygmreroglu|349059450|40|304|233|0|3558|Tweet|None|None|None
tag:search.twitter.com,2005:351835318028222465|2013-07-01T22:50:51.000Z|@pafcdan Aww good! X|None|None|None|['en']|en|en|[50.3582949, -4.0930973]|Point|['[-4.209496, 50.3320883]', '[-4.209496, 50.444179]', '[-4.019642999999999, 50.444179]', '[-4.019642999999999, 50.3320883]']|Polygon|Plymouth, Plymouth|GB|0|Plymouth|None|None|None|None|None|None|None|None|Becky ‚ù§|BeckyLou90x|26568635|38|380|860|0|3116|Reply|http://twitter.com/pafcdan/statuses/351834457453502466|None|None
tag:search.twitter.com,2005:351835318346981377|2013-07-01T22:50:51.000Z|Newest hobby: sending videos back and forth of us listening to screamo @kakessinger|None|None|None|['en']|en|en|[29.54588264, -95.10669141]|Point|['[-95.145152, 29.506973]', '[-95.145152, 29.555093]', '[-95.093693, 29.555093]', '[-95.093693, 29.506973]']|Polygon|Webster, TX|US|None|Houston, Texas|None|None|None|None|None|None|None|None|lil beyonc√©|beezlebrat|541953037|41|160|135|0|4170|Tweet|None|None|None
tag:search.twitter.com,2005:351835318044983298|2013-07-01T22:50:51.000Z|@DiegoSanRoman no y no me gusta.|None|None|None|['en']|en|es|[19.34964, -99.19341]|Point|['[-99.32437499999999, 19.232228]', '[-99.32437499999999, 19.403855999999998]', '[-99.1717625, 19.403855999999998]', '[-99.1717625, 19.232228]']|Polygon|√Ålvaro Obreg√≥n, Distrito Federal|MX|-28800|None|None|None|None|None|None|None|None|None|Carlos Hermosillo|CHermosillo_FOX|1160945754|62|11873|69|56|1991|Reply|http://twitter.com/DiegoSanRoman/statuses/351530105224445953|None|None
tag:search.twitter.com,2005:351835318024028161|2013-07-01T22:50:51.000Z|~FINALLY OFF OF WORK~|None|None|None|['en']|en|en|[32.86107, -83.72062]|Point|['[-83.739741, 32.765651]', '[-83.739741, 32.899785]', '[-83.548632, 32.899785]', '[-83.548632, 32.765651]']|Polygon|Macon, GA|US|None|None|None|None|None|None|None|None|None|None|Tomeisha Cross|MISSMEISHA223|242505369|18|290|683|0|540|Tweet|None|None|None
tag:search.twitter.com,2005:351835318497980416|2013-07-01T22:50:51.000Z|Rubbing/massaging my feet is like giving me head... Either one'l do|None|None|None|['en']|en|en|[33.68890281, -84.27369741]|Point|['[-85.605165, 30.355756999999997]', '[-85.605165, 35.000659]', '[-80.751429, 35.000659]', '[-80.751429, 30.355756999999997]']|Polygon|Georgia, US|US|-18000|Atl...|None|None|None|None|None|None|None|None|Poison ‚Ä†|shanbonita|29619102|64|40543|116|486|60465|Tweet|None|None|None
tag:search.twitter.com,2005:351835318376337408|2013-07-01T22:50:51.000Z|Felicidadees @MAngele34977437! Pasatelo muy bienn en tu cumplea√±os, un beso :)|None|None|None|['es']|en|es|[36.33657055, -5.31086285]|Point|['[-5.3559695, 36.325703]', '[-5.3559695, 36.5201365]', '[-5.2058175, 36.5201365]', '[-5.2058175, 36.325703]']|Polygon|Casares, M√°laga|ES|None|None|None|None|None|None|None|None|None|None|Marcos Berenguer|Marcos7BB|716170291|41|162|155|0|303|Tweet|None|None|None
tag:search.twitter.com,2005:351835318837710849|2013-07-01T22:50:51.000Z|Que ascooooo, tengo paladar:(|None|None|None|['es']|en|es|[21.0214059, -89.6096588]|Point|['[-89.798197, 20.695104]', '[-89.798197, 21.186965999999998]', '[-89.44902499999999, 21.186965999999998]', '[-89.44902499999999, 20.695104]']|Polygon|M√©rida, Yucat√°n|MX|None|None|None|None|None|None|None|None|None|None|Cinthia azcorra|CinthiaAzcorra|389125134|41|172|115|0|7528|Tweet|None|None|None
tag:search.twitter.com,2005:351835318724468737|2013-07-01T22:50:51.000Z|@Hayley_Brownn Same!!!! Very sad timesüòûüòûüòûüòû|None|None|None|['en']|en|en|[54.6884467, -3.51776393]|Point|['[-3.580063, 54.454108]', '[-3.580063, 54.964178999999994]', '[-2.9829719999999993, 54.964178999999994]', '[-2.9829719999999993, 54.454108]']|Polygon|Allerdale, Cumbria|GB|-36000|None|None|None|None|None|None|None|None|None|Karl Hine|KarlHine|402334657|42|417|259|1|5242|Reply|http://twitter.com/Hayley_Brownn/statuses/351824983447711746|None|None
tag:search.twitter.com,2005:351835318896439296|2013-07-01T22:50:51.000Z|Jgc|None|None|None|['fr']|en|und|[45.7111863, 4.8557398]|Point|['[4.836346, 45.6805901]', '[4.836346, 45.7188012]', '[4.8666217, 45.7188012]', '[4.8666217, 45.6805901]']|Polygon|Saint-Fons, Rh√¥ne|FR|3600|Lyon|None|None|None|None|None|None|None|None|Lisa jtm(Alex Karev)|thatsniall__|564585123|53|1179|628|8|20141|Tweet|None|None|None
tag:search.twitter.com,2005:351835318745436163|2013-07-01T22:50:51.000Z|@MiriamRC6 vooy pisando tan fuerte que voy dejando grietas :333|None|None|None|['es']|en|es|[41.9016077, -8.8703524]|Point|['[-8.8881084, 41.8674229]', '[-8.8881084, 41.9419586]', '[-8.8292131, 41.9419586]', '[-8.8292131, 41.8674229]']|Polygon|A Guarda, Pontevedra|ES|7200|A GUARDA.|None|None|None|None|None|None|None|None|‚Ä¢ LAURIS VERGARA ‚àû|LauurisVergara|526681547|33|231|216|1|11271|Reply|http://twitter.com/MiriamRC6/statuses/351835111869784064|None|None
tag:search.twitter.com,2005:351835318711889920|2013-07-01T22:50:51.000Z|◊î◊™◊û◊ô◊û◊î ◊î◊ô◊ê ◊î◊®◊¢◊î ◊û◊§◊í◊®◊ô◊ù|None|None|None|['he']|en|he|[32.01775251, 34.75457897]|Point|None|None|None|None|None|None|None|None|None|None|None|None|None|None|‚ú©‚Ñ™‚ìÑ‚Ñú‚Ñ´‚Ñí  O‚Ñè‚Ñ´‚ì®o‚Ñï‚ú©|korall_ohayon|1318589041|37|151|284|0|641|Tweet|None|None|None
tag:search.twitter.com,2005:351835319085187072|2013-07-01T22:50:51.000Z|@Michael5SOS MIKEY I LOVE U|None|None|None|['it']|en|en|[43.82758701, 12.99396517]|Point|['[12.9010202, 43.7535429]', '[12.9010202, 43.8816564]', '[13.1336738, 43.8816564]', '[13.1336738, 43.7535429]']|Polygon|Fano, Pesaro e Urbino|IT|3600|‚ô°|None|None|None|None|None|None|None|None|meconio.|liamsfaith|382824235|44|5589|2200|17|51769|Tweet|None|None|None
tag:search.twitter.com,2005:351835319315857408|2013-07-01T22:50:51.000Z|BONITO UNFOLLOW,ZORRA.|None|None|None|['es']|en|it|None|None|['[-18.1606948, 27.6377504]', '[-18.1606948, 28.8578067]', '[-16.1193629, 28.8578067]', '[-16.1193629, 27.6377504]']|Polygon|Santa Cruz de Tenerife, Islas Canarias|ES|3600|None|None|None|None|None|None|None|None|None|Robyn Rihanna Fenty|ConSdeSammy|554205628|46|1999|293|27|60236|Tweet|None|None|None
tag:search.twitter.com,2005:351835317956902912|2013-07-01T22:50:51.000Z|√©s uma merda|None|None|None|['pt']|en|pt|None|None|['[-8.7583395, 40.5284833]', '[-8.7583395, 40.7275539]', '[-8.520973, 40.7275539]', '[-8.520973, 40.5284833]']|Polygon|Aveiro, Aveiro|PT|None|Aveiro|None|None|None|None|None|None|None|None|Mafalda Azevedo|MafaldaAzevedo9|1316723420|43|137|89|0|4047|Tweet|None|None|None
tag:search.twitter.com,2005:351835318024011776|2013-07-01T22:50:51.000Z|Laku yam, aku mau beli cawan. Simpen dulu ya.. Cawanku pecah lagi :'( RT @rizkaNHS: @alprak_farmasi (cont) http://t.co/viW5n188Ep|['http://test.gnip.com/mock']|['http://t.co/viW5n188Ep']|['http://tl.gd/m5rb8k']|['en']|en|id|[-7.02039592, 110.48798927]|Point|['[110.450289, -7.04064]', '[110.450289, -6.978231999999999]', '[110.507375, -6.978231999999999]', '[110.507375, -7.04064]']|Polygon|Padurungan, Kota Semarang|ID|None|√úT: -7.01624,110.48594|None|None|None|None|None|None|None|None|Novita Anggraini|phieanggra|616193946|43|258|302|0|2732|Tweet|None|None|None
tag:search.twitter.com,2005:351835318162427904|2013-07-01T22:50:51.000Z|@nazkoklu1 tamam mutlaka haber ver ben tum temmuz bodrumdayim :D|None|None|None|['en']|en|tr|None|None|['[25.663883, 35.817497]', '[25.663883, 42.109993]', '[44.822762, 42.109993]', '[44.822762, 35.817497]']|Polygon|Turkey|TR|7200|GALATASARAY|None|None|None|None|None|None|None|None|Helin|helindundar|45421764|None|349|244|1|12236|Reply|http://twitter.com/nazkoklu1/statuses/351835169587605504|None|None
tag:search.twitter.com,2005:351835318376345600|2013-07-01T22:50:51.000Z|@secutedame nie ignoruj mnie noooo|None|None|None|['en']|en|pl|[43.36999893, -80.98223114]|Point|['[-81.44303699999999, 43.20348]', '[-81.44303699999999, 43.844643999999995]', '[-80.735773, 43.844643999999995]', '[-80.735773, 43.20348]']|Polygon|Perth, Ontario|CA|-21600|secutedame   maturegomez|None|None|None|None|None|None|None|None|kinia|vansonselena|1041817357|48|2037|1984|1|23240|Tweet|None|None|None
tag:search.twitter.com,2005:351835318682525697|2013-07-01T22:50:51.000Z|A Very Happy Great Gramma. #picoftheday #family #instafam #aww #313 @ The Broadcast Booth http://t.co/DZk6HN22r1|['http://test.gnip.com/mock']|['http://t.co/DZk6HN22r1']|['http://instagram.com/p/bPaB-FtSpQ/']|['en']|en|en|[42.25865115, -83.20823908]|Point|['[-83.231911, 42.222783]', '[-83.231911, 42.301161]', '[-83.18364, 42.301161]', '[-83.18364, 42.222783]']|Polygon|Allen Park, MI|US|-18000|PCB/313|None|None|None|None|None|None|None|None|Kristopher Alan|KristopherAlan|27737035|32|342|2001|0|468|Tweet|None|None|None
tag:search.twitter.com,2005:351835318602842113|2013-07-01T22:50:51.000Z|I always mess things up fuck.|None|None|None|['en']|en|en|[40.17004533, -87.64867445]|Point|['[-87.665219, 40.103392]', '[-87.665219, 40.20446]', '[-87.531699, 40.20446]', '[-87.531699, 40.103392]']|Polygon|Danville, IL|US|-18000|d-ville ‚úå|None|None|None|None|None|None|None|None|geneva ‚ú®|seper4tion|482102969|40|177|77|0|5581|Tweet|None|None|None
tag:search.twitter.com,2005:351835318619607043|2013-07-01T22:50:51.000Z|David Luiz, me come|None|None|None|['pt']|en|pt|None|None|['[-43.795449, -23.083019999999998]', '[-43.795449, -22.749043999999998]', '[-43.099381, -22.749043999999998]', '[-43.099381, -23.083019999999998]']|Polygon|Rio de Janeiro, Rio de Janeiro|BR|-10800|Rio de Janeiro|None|None|None|None|None|None|None|None|Buba Aguiar|Buba_polvilho|88753650|38|231|352|0|15233|Tweet|None|None|None
tag:search.twitter.com,2005:351835317864628224|2013-07-01T22:50:51.000Z|O meu ninfa girava e eu nem Creditava q aquilo era tao bom , minha juventude brotava e eu me apaixonava pela mina e por meu som üé∂|None|None|None|['pt']|en|pt|[-6.07340332, -49.89367576]|Point|['[-51.198932, -6.623769999999999]', '[-51.198932, -5.8535479]', '[-49.732423, -5.8535479]', '[-49.732423, -6.623769999999999]']|Polygon|Parauapebas, Par√°|BR|-10800|:)|None|None|None|None|None|None|None|None|romullo araujo Ô£ø|romulloar7|220404906|47|421|345|0|15986|Tweet|None|None|None
tag:search.twitter.com,2005:351835318577676288|2013-07-01T22:50:51.000Z|Tanrow ‚ñ∫‚ñ∫ "@Artjie_Wisnoe: Di liat dari tejongnya :p RT "@d_wisnu: ¬´ Mafhum insan sikoh.. "@Artjie_Wisnoe: Maf'ul &gt; "@d_wisnu: Bondett ‚ñ∫‚ñ∫|None|None|None|['en']|en|id|[-6.26235, 107.00444]|Point|['[106.974561, -6.301652]', '[106.974561, -6.20717]', '[107.048951, -6.20717]', '[107.048951, -6.301652]']|Polygon|Bekasi Timur, Bekasi|ID|-28800|√úT: -6.26033,107.01062|None|None|None|None|None|None|None|None|Wisnu Sumantri|d_wisnu|243113979|33|404|378|0|9181|Tweet|None|None|None
tag:search.twitter.com,2005:351835318443446273|2013-07-01T22:50:51.000Z|"If it's in my cup, it's in MY cup, so don't fucking worry about it"|None|None|None|['en']|en|en|[41.16183828, -81.42191721]|Point|['[-81.489745, 41.135556]', '[-81.489745, 41.202973]', '[-81.391931, 41.202973]', '[-81.391931, 41.135556]']|Polygon|Stow, OH|US|-21600|The Clouds|None|None|None|None|None|None|None|None|Jacob King|JacobviaKing|379819371|33|243|290|0|6296|Tweet|None|None|None
tag:search.twitter.com,2005:351835317898199040|2013-07-01T22:50:51.000Z|@Verity97 just kiddin u bootiful dis u &gt; üë∞|None|None|None|['en']|en|en|[53.54338422, -1.4962159]|Point|['[-1.822589, 53.438297]', '[-1.822589, 53.612815]', '[-1.275750999999999, 53.612815]', '[-1.275750999999999, 53.438297]']|Polygon|Barnsley, Barnsley|GB|None|None|None|None|None|None|None|None|None|None|beth field|_bethfieldx|601030480|31|112|239|0|526|Reply|http://twitter.com/Verity97/statuses/351834475501588480|None|None
tag:search.twitter.com,2005:351835318619607042|2013-07-01T22:50:51.000Z|–ß¬™¬™"ÃÆ allah skit √ü√†¬™¬™nƒüŒµŒµ‚Ä†‚Äé|None|None|None|['id']|en|id|[-6.22595, 106.95018]|Point|['[106.898751, -6.2634]', '[106.898751, -6.214894999999999]', '[106.9658993, -6.214894999999999]', '[106.9658993, -6.2634]']|Polygon|Duren Sawit, Jakarta Timur|ID|None|None|None|None|None|None|None|None|None|None|Ocha|Febbymimie|1089309390|15|18|120|0|84|Tweet|None|None|None
tag:search.twitter.com,2005:351835318225346560|2013-07-01T22:50:51.000Z|„Ö§  „Ö§  „Ö§  „Ö§„Ö§  „Ö§  „Ö§  „Ö§„Ö§  „Ö§  „Ö§  „Ö§ „Ö§  „Ö§  „Ö§  „Ö§  „Ö§  „Ö§  „Ö§„Ö§ „Ö§  „Ö§  „Ö§  „Ö§  „Ö§  „Ö§  „Ö§„Ö§  „Ö§  „Ö§  „Ö§„Ö§  „Ö§  „Ö§  „Ö§ „Ö§  „Ö§  „Ö§  „Ö§  „Ö§|None|None|None|['en']|en|ko|[43.08017289, -82.4778248]|Point|['[-82.518821, 42.999512]', '[-82.518821, 43.083635]', '[-82.435712, 43.083635]', '[-82.435712, 42.999512]']|Polygon|Fort Gratiot, MI|US|-18000|Michigan|None|None|None|None|None|None|None|None|Kyle Landry|kylelandry11|1016681408|39|170|120|0|1094|Tweet|None|None|None
tag:search.twitter.com,2005:351835318254706688|2013-07-01T22:50:51.000Z|Girls date bad boys because they think they can fix them, but at the end of the day...you can't get rid of a face tattoo. ha #girlcode #mtv|None|None|None|['en']|en|en|[30.41249811, -86.49854729]|Point|['[-86.515789, 30.378665]', '[-86.515789, 30.417791]', '[-86.397207, 30.417791]', '[-86.397207, 30.378665]']|Polygon|Destin, FL|US|-25200|Ft. Benning|None|None|None|None|None|None|None|None|Kelly Haight|kellhaight|125565884|57|192|235|3|4073|Tweet|None|None|None
tag:search.twitter.com,2005:351835318112096256|2013-07-01T22:50:51.000Z|@jono1006 not this week dude il go out the week after, after the party of your interested lad?|None|None|None|['en']|en|en|[52.55744511, -2.08298706]|Point|['[-2.206884, 52.543946999999996]', '[-2.206884, 52.637907999999996]', '[-2.048029, 52.637907999999996]', '[-2.048029, 52.543946999999996]']|Polygon|Wolverhampton, Wolverhampton|GB|0|None|None|None|None|None|None|None|None|None|Stefano|Stefan4LFC|231244313|36|153|300|0|3923|Reply|http://twitter.com/jono1006/statuses/351834266478452736|None|None
tag:search.twitter.com,2005:351835318602825729|2013-07-01T22:50:51.000Z|@power1063 PLEASE Pick me to Meet @justinbieber if Justin didn't give up on his dreams why should I give up on my dream #BIEBERPOWER (43)|None|None|None|['en']|en|en|[41.86511389, -87.69583348]|Point|['[-87.940101, 41.643919]', '[-87.940101, 42.023135]', '[-87.523661, 42.023135]', '[-87.523661, 41.643919]']|Polygon|Chicago, IL|US|-28800|Justin's wife #BelieveTour ‚ôî|None|None|None|None|None|None|None|None|#HeartBreaker|BiebaholicFever|235436513|39|1752|2000|2|21618|Tweet|None|None|None
tag:search.twitter.com,2005:351835318674132992|2013-07-01T22:50:51.000Z|Lls you're so childish|None|None|None|['en']|en|en|[38.7619111, -77.60871738]|Point|['[-77.621907, 38.731253]', '[-77.621907, 38.784919]', '[-77.534545, 38.784919]', '[-77.534545, 38.731253]']|Polygon|Linton Hall, VA|US|-28800|DM[V]  ¬Ø\_(„ÉÑ)_/¬Ø|None|None|None|None|None|None|None|None|Kenzie|iKTAKenzie|513529537|38|407|280|0|38556|Tweet|None|None|None
tag:search.twitter.com,2005:351835318728671232|2013-07-01T22:50:51.000Z|@SigaSOJA sim|None|None|None|['en']|en|und|[-23.33169536, -51.17693177]|Point|['[-51.324349, -23.853841]', '[-51.324349, -23.1722019]', '[-50.875167999999995, -23.1722019]', '[-50.875167999999995, -23.853841]']|Polygon|Londrina, Paran√°|BR|-10800|Londrina|None|None|None|None|None|None|None|None|Queen G.|GabrielliMach|308761245|35|228|185|0|24571|Tweet|None|None|None
tag:search.twitter.com,2005:351835318405705728|2013-07-01T22:50:51.000Z|El aburrimiento que llevo encima no es normal.|None|None|None|['es']|en|es|[39.9356653, -0.0956062]|Point|['[-0.1749828, 39.8916978]', '[-0.1749828, 39.9805156]', '[-0.060863, 39.9805156]', '[-0.060863, 39.8916978]']|Polygon|Villarreal, Castell√≥n|ES|3600|Tomorrowland.|None|None|None|None|None|None|None|None|Juli.|JuliaLlorens|162779089|40|3285|2106|30|31002|Tweet|None|None|None
tag:search.twitter.com,2005:351835318552494080|2013-07-01T22:50:51.000Z|love driving and listening to music #relax|None|None|None|['en']|en|en|[50.59005388, -2.471168]|Point|['[-2.504146, 50.512847]', '[-2.504146, 50.678695]', '[-2.405389, 50.678695]', '[-2.405389, 50.512847]']|Polygon|Weymouth and Portland, Dorset|GB|None|Weymouth|None|None|None|None|None|None|None|None|lkm__|laurieeemaay|269446336|35|115|228|0|8138|Tweet|None|None|None
tag:search.twitter.com,2005:351835318829318144|2013-07-01T22:50:51.000Z|Pues esque mi hijo voto por AMLO.  -Una madre, ratando de justificar el hecho de que su hijo sea un donadie, desempleado y drogadicto.|None|None|None|['es']|en|es|None|None|['[-100.913535, 20.3568691]', '[-100.913535, 20.6885141]', '[-100.630887, 20.6885141]', '[-100.630887, 20.3568691]']|Polygon|Celaya, Guanajuato|MX|-18000|Celaya|None|None|None|None|None|None|None|None|Ryan Gaynolds|15Labra|413664383|34|1121|1013|0|7590|Tweet|None|None|None
tag:search.twitter.com,2005:351835318594453507|2013-07-01T22:50:51.000Z|ŸÖÿßÿ™ÿ™ ŸÉŸÑ ÿßŸÑÿßŸÉÿßÿ∞Ÿäÿ® Ÿàÿ®ÿ∑ŸÑŸàŸáÿß !! ÿ•ŸÑÿß 5 ÿØŸÇÿßŸäŸÇ Ÿàÿ£ŸÉŸàŸÜ ÿπŸÜÿØŸÉ ÿ™ŸÖÿ¥Ÿä ÿπŸÑŸäŸÜÿß ŸÑŸÑÿ≠ŸäŸÜ .. ‚ÄÖ ŸáŸáŸáŸáŸáŸáŸáŸáŸáŸáŸáŸáŸáŸáŸáŸáŸáŸáŸáŸáŸáŸáŸáŸáŸáŸá€ÅŸé ŸáŸè Àõ‚ò∫Ôøº‚Ñ¢))|None|None|None|['ar']|en|ar|[26.28046, 50.18287]|Point|None|None|None|None|None|SA - Dhahran|None|None|None|None|None|None|None|None|Aj ‚ôö#my birthday ‚Üì22|optimistic014|1438925934|40|458|413|0|1061|Tweet|None|None|None
tag:search.twitter.com,2005:351835318732857344|2013-07-01T22:50:51.000Z|@MaevaRmz Dakkor Moi jvai pas oublier j'esp√®re ke toi aussi !! #Menace|None|None|None|['fr']|en|fr|[48.9572585, 2.2946213]|Point|['[2.2883004, 48.942443999999995]', '[2.2883004, 48.9662874]', '[2.3460398, 48.9662874]', '[2.3460398, 48.942443999999995]']|Polygon|Epinay-sur-Seine, Seine-Saint-Denis|FR|None|None|None|None|None|None|None|None|None|None|SMILEY N√©groo|miniBengalo|1270875637|40|116|122|0|3174|Reply|http://twitter.com/MaevaRmz/statuses/351834911688241153|None|None
tag:search.twitter.com,2005:351835319403950080|2013-07-01T22:50:51.000Z|Toquei nela sem querer ela gritou, quem voc√™ pensa que eu sou? Ela falou. Bem que que eu tentei acalmar mais n√£o adiantou oh n√£o n√£o n√£o n√£o|None|None|None|['pt']|en|pt|None|None|['[-46.826038999999994, -24.008813999999997]', '[-46.826038999999994, -23.356792]', '[-46.365052, -23.356792]', '[-46.365052, -24.008813999999997]']|Polygon|S√£o Paulo, S√£o Paulo|BR|-10800|None|None|None|None|None|None|None|None|None|Doctor Muringa [ODS]|Alanpreto_|225935697|44|789|150|0|10134|Tweet|None|None|None
tag:search.twitter.com,2005:351835319244562433|2013-07-01T22:50:51.000Z|@IvanaChacon uy falsa|None|None|None|['es']|None|es|[7.7771127, -72.2051679]|Point|None|None|None|None|None|None|None|None|None|None|None|None|None|None|Maria Antonieta|MariaCoiran|380560670|41|264|198|0|12569|Reply|http://twitter.com/IvanaChacon/statuses/351835156451041282|None|None
tag:search.twitter.com,2005:351835318925795329|2013-07-01T22:50:51.000Z|inche dolor de est√≥mago....|None|None|None|['es']|en|es|[19.01868, -98.20305]|Point|['[-98.289206, 18.83765]', '[-98.289206, 19.226809]', '[-98.01932699999999, 19.226809]', '[-98.01932699999999, 18.83765]']|Polygon|Puebla, Puebla|MX|-21600|Orizaba|None|None|None|None|None|None|None|None|C. Alam Solar|alamchli|199893733|33|247|256|0|5527|Tweet|None|None|None
tag:search.twitter.com,2005:351835319450079233|2013-07-01T22:50:51.000Z|#np Diddy Dirty Money - Coming Home|None|None|None|['en']|en|en|[3.0880018, 101.54858202]|Point|['[101.4898224, 2.9745362]', '[101.4898224, 3.1279044]', '[101.6291504, 3.1279044]', '[101.6291504, 2.9745362]']|Polygon|Damansara, Petaling|MY|28800|Shah Alam, Selangor|None|None|None|None|None|None|None|None|Faiz Arshad|Mohdfaiz13|186427422|44|1573|572|3|9865|Tweet|None|None|None
tag:search.twitter.com,2005:351835319584305153|2013-07-01T22:50:51.000Z|You opened my snapchat.  I'm expecting one back.|None|None|None|['en']|en|en|[47.53635183, -122.61271693]|Point|['[-122.674427, 47.495882]', '[-122.674427, 47.553867]', '[-122.603032, 47.553867]', '[-122.603032, 47.495882]']|Polygon|Port Orchard, WA|US|-28800|None|None|None|None|None|None|None|None|None|‚úù ü…ëu Ä—î…¥ —Ç…ë è üo Ä‚úù|Laytayjay|422214279|37|558|1463|1|823|Tweet|None|None|None
tag:search.twitter.com,2005:351835319538167809|2013-07-01T22:50:51.000Z|Good Morning Worlddd|None|None|None|['en']|en|en|[1.4424622, 103.7756926]|Point|['[103.5363541, 1.3416253]', '[103.5363541, 1.673503]', '[104.0161667, 1.673503]', '[104.0161667, 1.3416253]']|Polygon|Johor Bahru, Johore|MY|-32400|None|None|None|None|None|None|None|None|None|Fandreyy‚ôö|FandyClariBoe|404196083|45|325|292|0|11955|Tweet|None|None|None
tag:search.twitter.com,2005:351835319794020353|2013-07-01T22:50:51.000Z|Omfg....BOMBBBBBBB|None|None|None|['en']|da|pt|[34.0017761, -118.084164]|Point|['[-118.123238, 33.950362]', '[-118.123238, 34.028847]', '[-118.040001, 34.028847]', '[-118.040001, 33.950362]']|Polygon|Pico Rivera, CA|US|-25200|None|None|None|None|None|None|None|None|None|taay bieber ~|taayboo_|559866671|34|274|229|0|30716|Tweet|None|None|None
tag:search.twitter.com,2005:351835319722713089|2013-07-01T22:50:51.000Z|Alle vennan mine me god humor kommer overends me han pappa.|None|None|None|['en']|en|da|[70.9901604, 26.0325797]|Point|['[25.0407776, 70.6562712]', '[25.0407776, 71.1969438]', '[26.6914636, 71.1969438]', '[26.6914636, 70.6562712]']|Polygon|Nordkapp, Finnmark|NO|None|None|None|None|None|None|None|None|None|None|Lisa Pleym|lisa_pleym|1243693502|33|58|92|0|1117|Tweet|None|None|None
tag:search.twitter.com,2005:351835319869505537|2013-07-01T22:50:51.000Z|Ah nah morge 1/6 school dan 3/5 werken en dan naar musical van @kevindebruijn1  :(|None|None|None|['nl']|en|nl|[52.2577317, 4.571016]|Point|['[4.5505577, 52.2144875]', '[4.5505577, 52.3863713]', '[4.8191001, 52.3863713]', '[4.8191001, 52.2144875]']|Polygon|Haarlemmermeer, Noord-Holland|NL|7200|None|None|None|None|None|None|None|None|None|tim de bruijn|timeey14|590431458|30|41|73|0|662|Tweet|None|None|None
tag:search.twitter.com,2005:351835319794016257|2013-07-01T22:50:51.000Z|I'm at San Diego County Fair (Del Mar, CA) w/ 14 others [pic]: http://t.co/guOlPYw8wl|['http://test.gnip.com/mock']|['http://t.co/guOlPYw8wl']|['http://4sq.com/12AbCeZ']|['en']|en|en|[32.97336991, -117.2620368]|Point|['[-117.261680603027, 32.9728813171387]', '[-117.261680603027, 32.9728813171387]', '[-117.261680603027, 32.9728813171387]', '[-117.261680603027, 32.9728813171387]']|Polygon|san diego county fair, Del Mar|US|None|None|None|None|None|None|None|None|None|None|Dawn Muehl|evilchick77|38299534|33|215|433|13|2631|Tweet|None|None|None
tag:search.twitter.com,2005:351835319957602305|2013-07-01T22:50:51.000Z|or is it just me|None|None|None|['en']|en|en|[42.18224077, -73.99886789]|Point|['[-79.76259, 40.477399]', '[-79.76259, 45.015865]', '[-71.777491, 45.015865]', '[-71.777491, 40.477399]']|Polygon|New York, US|US|-21600|new york|None|None|None|None|None|None|None|None|‚ú®Maryana‚ú®|maryanax13|891890964|29|150|157|0|6252|Tweet|None|None|None
tag:search.twitter.com,2005:351835318275682304|2013-07-01T22:50:51.000Z|Olay varsa At√ße orda!1!!!!! @HatiHasanoglu|None|None|None|['tr']|tr|tr|[21.5800651, 39.1755465]|Point|None|None|None|None|10800|Arabistan/Cidde-T√ºrkiye/Hatay|None|None|None|None|None|None|None|None|Nezihe G√ºne≈ü (M.J)|Nezishe|636302362|44|392|152|0|14064|Reply|http://twitter.com/HatiHasanoglu/statuses/351834507160203264|None|None
tag:search.twitter.com,2005:351835319945019393|2013-07-01T22:50:51.000Z|J'vais pas faire comme Yass un montage de d√©p|None|None|None|['fr']|fr|fr|[48.97273529, 2.27965733]|Point|['[2.2711327, 48.9584561]', '[2.2711327, 48.9775068]', '[2.298873, 48.9775068]', '[2.298873, 48.9584561]']|Polygon|Saint-Gratien, Val-d'Oise|FR|None|None|None|None|None|None|None|None|None|None|NeyNey. ‚úå|MarviiinC|1357848218|42|79|70|0|4488|Tweet|None|None|None
tag:search.twitter.com,2005:351835318741254147|2013-07-01T22:50:51.000Z|Dirumah "@Genna_Nugroho @Iam_MrArrogant dimna ko ini?|None|None|None|['en']|id|id|None|None|['[117.042537, -7.499231]', '[117.042537, -1.5230100000000002]', '[135.8369, -1.5230100000000002]', '[135.8369, -7.499231]']|Polygon|South Sulawesi, Indonesia|ID|25200|Rajuni, Makassar, Indonesia|None|None|None|None|None|None|None|None|IDGHAM HKS_3112|Iam_MrArrogant|527060033|48|727|157|0|13176|Reply|http://twitter.com/Genna_Nugroho/statuses/351822267874938882|None|None
tag:search.twitter.com,2005:351835319219400706|2013-07-01T22:50:51.000Z|#HolaJulio nada solo trae BUENAS fests... Chau|None|None|None|['es']|es|es|[-34.5474842, -58.7062953]|Point|None|None|None|None|-10800|None|None|None|None|None|None|None|None|None|≈§ƒÖsmƒÖ≈àiƒÖ|LauuCacciato|182900398|36|76|140|0|723|Tweet|None|None|None
tag:search.twitter.com,2005:351835319856939008|2013-07-01T22:50:51.000Z|Just so fucking bored of it|None|None|None|['en']|en|en|[52.28487032, -1.40530251]|Point|['[-1.962203999999999, 51.955399]', '[-1.962203999999999, 52.368094]', '[-1.231712999999999, 52.368094]', '[-1.231712999999999, 51.955399]']|Polygon|Stratford-on-Avon, Warwickshire|GB|3600|Long Itchington|None|None|None|None|None|None|None|None|Emily Crane|_emilycrane|127834421|44|648|601|0|18184|Tweet|None|None|None
tag:search.twitter.com,2005:351835319970168833|2013-07-01T22:50:51.000Z|Dreams &lt;3|None|None|None|['en']|en|en|[39.83853327, -84.88283731]|Point|['[-84.958257, 39.74859]', '[-84.958257, 39.882589]', '[-84.813804, 39.882589]', '[-84.813804, 39.74859]']|Polygon|Richmond, IN|US|-14400|Tampa|None|None|None|None|None|None|None|None|Jaylyn Plumley|JaylynPlumley|521322581|37|86|97|0|1270|Tweet|None|None|None
tag:search.twitter.com,2005:351835318850289665|2013-07-01T22:50:51.000Z|Buena noche|None|None|None|['es']|it|es|[37.1793352, -5.7949027]|Point|['[-6.0497685, 36.9160919]', '[-6.0497685, 37.2529197]', '[-5.5893256000000004, 37.2529197]', '[-5.5893256000000004, 36.9160919]']|Polygon|Utrera, Sevilla|ES|None|None|None|None|None|None|None|None|None|None|manolo|malooje94|936658410|36|159|160|0|2350|Tweet|None|None|None
tag:search.twitter.com,2005:351835320003727360|2013-07-01T22:50:51.000Z|@KayleeJohnston1 you can't avoid that?!?!|None|None|None|['en']|en|en|[39.98486816, -83.16312234]|Point|['[-83.183439, 39.808631]', '[-83.183439, 40.157317]', '[-82.771378, 40.157317]', '[-82.771378, 39.808631]']|Polygon|Columbus, OH|US|-21600|Hilliard, Ohio|None|None|None|None|None|None|None|None|Brady Simpson|BSimp614|396640875|43|402|196|0|5767|Reply|http://twitter.com/KayleeJohnston1/statuses/351835238609072128|None|None
tag:search.twitter.com,2005:351835320121176064|2013-07-01T22:50:51.000Z|"@VLADDO: Al ganador del concurso aquel deber√≠an darle el t√≠tulo de #ElGranColomVillano."|None|None|None|['es']|en|es|[9.3635352, -73.6014936]|Point|None|None|None|None|-18000|VALLEDUPAR, COLOMBIA...|None|None|None|None|None|None|None|None|Enrique...|kikekamacho|190517290|31|182|706|1|2417|Tweet|None|None|None
tag:search.twitter.com,2005:351835319777247233|2013-07-01T22:50:51.000Z|Êúù„Ç≥„Éº„Éí„Éº„Å™„ÅÜ„ÄÇ (@ „Éâ„Éà„Éº„É´„Ç≥„Éº„Éí„Éº„Ç∑„Éß„ÉÉ„Éó Ê∫ù„ÅÆÂè£KSPÂ∫ó) [pic]: http://t.co/RYNvPIsZGk|['http://test.gnip.com/mock']|['http://t.co/RYNvPIsZGk']|['http://4sq.com/1cJD0J6']|['ja']|en|ja|[35.5948511, 139.62046981]|Point|['[139.586410833333, 35.5602822222222]', '[139.586410833333, 35.6185508333333]', '[139.643206111111, 35.6185508333333]', '[139.643206111111, 35.5602822222222]']|Polygon|Â∑ùÂ¥éÂ∏ÇÈ´òÊ¥•Âå∫, Á•ûÂ•àÂ∑ùÁúå|JP|32400|Kanagawa, JAPAN|None|None|None|None|None|None|None|None|Hitoshi Kuwano|jm1omh|81327848|28|152|335|3|2151|Tweet|None|None|None
tag:search.twitter.com,2005:351835320226029568|2013-07-01T22:50:51.000Z|–Ω–∞ –∞—Å–∫–µ –æ—Å—Ç–∞–ª–∞—Å—å –∏ –≤ –∞—Å–∫ –±—É–∫–µ :)|None|None|None|['ru']|en|ru|None|None|['[47.7674, 56.588]', '[47.7674, 56.668600000000005]', '[47.999900000000004, 56.668600000000005]', '[47.999900000000004, 56.588]']|Polygon|–ô–æ—à–∫–∞—Ä-–û–ª–∞, –ú–∞—Ä–∏–π –≠–ª —Ä–µ—Å–ø—É–±–ª–∏–∫–∞|RU|14400|None|None|None|None|None|None|None|None|None|SokoVikova|NataliaBoston97|929621287|23|34|30|0|696|Tweet|None|None|None
tag:search.twitter.com,2005:351835318351179776|2013-07-01T22:50:51.000Z|You &amp; whoever you're coming with can catch it.|None|None|None|['en']|en|en|[28.43406419, -81.31527867]|Point|['[-81.50773, 28.347984]', '[-81.50773, 28.614251]', '[-81.229749, 28.614251]', '[-81.229749, 28.347984]']|Polygon|Orlando, FL|US|-14400|Behind You.|None|None|None|None|None|None|None|None|Beyond Life.|ChrisHoww|229101817|45|1140|943|3|105416|Tweet|None|None|None
tag:search.twitter.com,2005:351835319659790337|2013-07-01T22:50:51.000Z|Knock knock... http://t.co/PIoJfShl75|['http://twitter.com/DomKent/status/351835319659790337/photo/1']|None|None|['en']|en|en|[51.63157951, -0.77995453]|Point|['[-0.950745, 51.544757]', '[-0.950745, 51.782450999999995]', '[-0.669482, 51.782450999999995]', '[-0.669482, 51.544757]']|Polygon|Wycombe, Buckinghamshire|GB|3600|High Wycombe|None|None|None|None|None|None|None|None|Dominic Kent|DomKent|50283380|40|207|165|0|3275|Tweet|None|None|None
tag:search.twitter.com,2005:351835320284753920|2013-07-01T22:50:51.000Z|Encontrei o Edevan em Torres, aquele chato.. hahah|None|None|None|['pt']|pt|pt|None|None|['[-51.3061478, -30.2688069]', '[-51.3061478, -29.9306357]', '[-51.012471, -29.9306357]', '[-51.012471, -30.2688069]']|Polygon|Porto Alegre, Rio Grande do Sul|BR|-10800|Torres Rio Grande do Sul|None|None|None|None|None|None|None|None|P√¢mmy Couto|PammyCouto|592933910|30|187|231|0|5251|Tweet|None|None|None
tag:search.twitter.com,2005:351835320217636864|2013-07-01T22:50:51.000Z|@scb00by_doo I can't help it, oka x|None|None|None|['en']|en|en|[51.36794487, 0.59170763]|Point|['[0.397325999999999, 51.327898999999995]', '[0.397325999999999, 51.504019]', '[0.738956, 51.504019]', '[0.738956, 51.327898999999995]']|Polygon|Medway, Medway|GB|None|In wonderland|None|None|None|None|None|None|None|None|aliceinwonderland|WetAliceHeather|924224682|32|104|76|0|1068|Reply|http://twitter.com/scb00by_doo/statuses/351835227448020992|None|None
tag:search.twitter.com,2005:351835320301527040|2013-07-01T22:50:51.000Z|can you be my Nightingale, sing to me, I know you're there.|None|None|None|['en']|en|en|[41.6650056, -71.5314796]|Point|['[-71.534426, 41.662266]', '[-71.534426, 41.731779]', '[-71.483858, 41.731779]', '[-71.483858, 41.662266]']|Polygon|West Warwick, RI|US|-18000|‚öìWest Warwick, Rhode Island‚öì|None|None|None|None|None|None|None|None|‚àû kelsie ‚àû|Fittaaa___|356528186|37|700|984|1|49190|Tweet|None|None|None
tag:search.twitter.com,2005:351835320339283968|2013-07-01T22:50:51.000Z|Noooooooooooooooooooooooooooooooooooooooooooooooooooooooossa|None|None|None|['en']|en|es|None|None|['[-46.826038999999994, -24.008813999999997]', '[-46.826038999999994, -23.356792]', '[-46.365052, -23.356792]', '[-46.365052, -24.008813999999997]']|Polygon|S√£o Paulo, S√£o Paulo|BR|-10800|London - Mullingar|None|None|None|None|None|None|None|None|Pequena do Will :3|NathaliaCruzs|586933574|40|472|535|0|18460|Tweet|None|None|None
tag:search.twitter.com,2005:351835320184086528|2013-07-01T22:50:51.000Z|@stevieness i've never heard it before! Got so scared!!|None|None|None|['en']|en|en|[51.12509537, -0.18076173]|Point|['[-0.255629, 51.084806]', '[-0.255629, 51.167404999999995]', '[-0.132974999999999, 51.167404999999995]', '[-0.132974999999999, 51.084806]']|Polygon|Crawley, West Sussex|GB|0|England (West Sussex)|None|None|None|None|None|None|None|None|Nicolle Hope|NicolleHope|24449877|40|950|937|35|32327|Reply|http://twitter.com/stevieness/statuses/351835147873685506|None|None
tag:search.twitter.com,2005:351835320418967552|2013-07-01T22:50:51.000Z|A nigga can love you from the bottom of his heart and still have room at the top for another bitch|None|None|None|['en']|en|en|[33.86342611, -88.7186663]|Point|['[-91.65500899999999, 30.146096]', '[-91.65500899999999, 34.996099]', '[-88.097888, 34.996099]', '[-88.097888, 30.146096]']|Polygon|Mississippi, US|US|-18000|None|None|None|None|None|None|None|None|None|iStandd_ALONE !|Like_ahDiamondd|538683059|35|826|826|1|16771|Tweet|None|None|None
tag:search.twitter.com,2005:351835320368635905|2013-07-01T22:50:51.000Z|Wakwak"@wigunasaid: Elu lagi -_- "@alfiftrn: No!"@wigunasaid: Welcome july be nice ok (:"""|None|None|None|['id']|en|id|[-6.9432218, 107.5827196]|Point|['[107.577083, -6.965574999999999]', '[107.577083, -6.916034]', '[107.60021, -6.916034]', '[107.60021, -6.965574999999999]']|Polygon|Babakan Ciparay, Kota Bandung|ID|25200|di hati kenji|None|None|None|None|None|None|None|None|MANGGA ANTOSAN WEH.|alfiftrn|732586412|49|159|145|0|8925|Tweet|None|None|None
tag:search.twitter.com,2005:351835319366197248|2013-07-01T22:50:51.000Z|@IkmalAhmadIA k tq|None|None|None|['en']|None|und|[2.51849, 101.81334]|Point|['[101.7050095, 2.391072]', '[101.7050095, 2.7224898]', '[102.0324478, 2.7224898]', '[102.0324478, 2.391072]']|Polygon|Port Dickson, Negri Sembilan|MY|None|Always in Ryan's heart ‚ô•|None|None|None|None|None|None|None|None|ayien'Lee|ain_salim92|1478753790|35|43|96|0|987|Reply|http://twitter.com/IkmalAhmadIA/statuses/351774712143163392|None|None
tag:search.twitter.com,2005:351835319848538113|2013-07-01T22:50:51.000Z|@viniciuaraujo97 kkkkkk ou amanha c sai q hrs da aula?|None|None|None|['en']|pt|pt|[-19.94496505, -43.94804174]|Point|['[-44.062788999999995, -20.059815999999998]', '[-44.062788999999995, -19.777568]', '[-43.856856, -19.777568]', '[-43.856856, -20.059815999999998]']|Polygon|Belo Horizonte, Minas Gerais|BR|-14400|Panem|None|None|None|None|None|None|None|None|melo|Juliamfr|290796386|37|759|322|0|30559|Reply|http://twitter.com/viniciuaraujo97/statuses/351835033054613506|None|None
tag:search.twitter.com,2005:351835319672381440|2013-07-01T22:50:51.000Z|Not looking forward to going back to Montrose tomorrow, even if it is only one night-.-|None|None|None|['en']|en|en|[56.85457195, -2.5758810199999997]|Point|['[-3.801637, 56.747133]', '[-3.801637, 57.705541999999994]', '[-1.752896, 57.705541999999994]', '[-1.752896, 56.747133]']|Polygon|Aberdeenshire, Aberdeenshire|GB|3600|scotlanddd|None|None|None|None|None|None|None|None|‚ú® alana richardson‚ú®|un1c0rnh03|588648129|38|189|209|1|2244|Tweet|None|None|None
tag:search.twitter.com,2005:351835320284749824|2013-07-01T22:50:51.000Z|"I am Lieutenant Phison. And I apologize for my haste, but I have to get some information and comm it to the bridge #befo|None|None|None|['en']|en|en|[38.376, -69.039]|Point|None|None|None|None|None|None|None|None|None|None|None|None|None|None|Dacal Mccomas|dacal_dcal|1561615404|None|0|2|0|4|Tweet|None|None|None
tag:search.twitter.com,2005:351835319919857665|2013-07-01T22:50:51.000Z|oh my lawd it is fucking hot outside http://t.co/4hvXX9zc38|['http://twitter.com/frdrkt/status/351835319919857665/photo/1']|None|None|['en']|en|en|[49.26367739, -123.18586009]|Point|['[-123.73837499999999, 49.001920999999996]', '[-123.73837499999999, 49.574551]', '[-122.406655, 49.574551]', '[-122.406655, 49.001920999999996]']|Polygon|Greater Vancouver, British Columbia|CA|-18000|None|None|None|None|None|None|None|None|None|fred|frdrkt|136941660|24|80|126|1|1791|Tweet|None|None|None
tag:search.twitter.com,2005:351835320590934016|2013-07-01T22:50:51.000Z|Faut jmette mn reveil, demain je je√ªne.|None|None|None|['fr']|fr|fr|[49.231941, 2.1302169]|Point|['[2.0872422999999998, 49.2117603]', '[2.0872422999999998, 49.2796766]', '[2.1720206, 49.2796766]', '[2.1720206, 49.2117603]']|Polygon|M√©ru, Oise|FR|7200|Paris|None|None|None|None|None|None|None|None|Anonymous|DiogouGbn|199013969|43|305|241|1|12230|Tweet|None|None|None
tag:search.twitter.com,2005:351835320435748864|2013-07-01T22:50:51.000Z|@LaritaGuardiola @IcaFerrer @10Klaus @Olguita_29 no no, perdona? Me quereis a mi y mucho :') jajaja|None|None|None|['es']|es|es|[38.61692362, -0.12441094]|Point|['[-0.1732318, 38.566939999999995]', '[-0.1732318, 38.6296775]', '[-0.078323999999999, 38.6296775]', '[-0.078323999999999, 38.566939999999995]']|Polygon|La Nucia, Alicante|ES|7200|None|None|None|None|None|None|None|None|None|Sonr√≠e, enamoras^^|nereaaegea|489518771|42|283|216|0|4414|Reply|http://twitter.com/LaritaGuardiola/statuses/351834810060255232|None|None
tag:search.twitter.com,2005:351835320607719424|2013-07-01T22:50:51.000Z|Am i texting anybody? Nope. Would anyone like to text me? Probably not. On that note; it's nap time for me.|None|None|None|['en']|en|en|[29.8251009, -96.4450126]|Point|['[-106.645646, 25.837163999999998]', '[-106.645646, 36.500704]', '[-93.508039, 36.500704]', '[-93.508039, 25.837163999999998]']|Polygon|Texas, US|US|None|don't worry about it|None|None|None|None|None|None|None|None|Daija Lorenz|DaijaLorenz|370483722|40|1034|391|0|47863|Tweet|None|None|None
tag:search.twitter.com,2005:351835320788062208|2013-07-01T22:50:51.000Z|"Oh, and they need me." He let out a snort of contempt. "The pact works both ways. Tebut was careless. It's not an exerc|None|None|None|['en']|en|en|[60.919, -6.605]|Point|['[-9.0831329, 57.9562068]', '[-9.0831329, 80.8245621]', '[33.6320899, 80.8245621]', '[33.6320899, 57.9562068]']|Polygon|Norway|NO|None|None|None|None|None|None|None|None|None|None|Llacuna Bartoli|BartoliLlauna|1561647116|None|0|1|0|3|Tweet|None|None|None
tag:search.twitter.com,2005:351835320737730561|2013-07-01T22:50:51.000Z|cite nomes gata..|None|None|None|['pt']|it|lv|None|None|['[-48.285982, -16.0524045]', '[-48.285982, -15.500191999999998]', '[-47.307263999999996, -15.500191999999998]', '[-47.307263999999996, -16.0524045]']|Polygon|Distrito Federal, Brasil|BR|-10800|Gamaika|None|None|None|None|None|None|None|None|‚ô£|GABRIEL34L3ST|323440706|41|297|237|0|5221|Tweet|None|None|None
tag:search.twitter.com,2005:351835320695787522|2013-07-01T22:50:51.000Z|Y 6 camisetas G-Star|None|None|None|['es']|es|en|[41.408397, 2.1856093]|Point|['[2.0524766, 41.3199988]', '[2.0524766, 41.4682658]', '[2.2261223, 41.4682658]', '[2.2261223, 41.3199988]']|Polygon|Barcelona, Barcelona|ES|None|Barcelona, Camp Nou|None|None|None|None|None|None|None|None|Antimadridista|CarlesPuig7|237867934|27|45|219|0|896|Tweet|None|None|None
tag:search.twitter.com,2005:351835320385413124|2013-07-01T22:50:51.000Z|Shouuuu I Need To Slide To Dray &amp; Ash House|None|None|None|['en']|en|en|[29.64622295, -82.27052519]|Point|['[-87.634896, 24.396307999999998]', '[-87.634896, 31.000968]', '[-79.974306, 31.000968]', '[-79.974306, 24.396307999999998]']|Polygon|Florida, US|US|-18000|352 ‚Üí‚Üí‚Üí 863|None|None|None|None|None|None|None|None|PutInWurkkkk|RichHomie_Shouu|297041807|42|1031|718|1|50632|Tweet|None|None|None
tag:search.twitter.com,2005:351835320125366272|2013-07-01T22:50:51.000Z|hbd @AL_kadier @ADEkadier :D better in every way yaaaa. keep rawks ;D|None|None|None|['en']|en|en|[1.5338994000000001, 124.9212371]|Point|['[124.8446177, 1.4724483]', '[124.8446177, 1.576611]', '[124.9334809, 1.576611]', '[124.9334809, 1.4724483]']|Polygon|Mapanget, Kota Manado|ID|28800|AllahSWT's|None|None|None|None|None|None|None|None|LDSari‚Ä¢|diajengsarii|888154496|50|149|200|1|4377|Reply|http://twitter.com/AL_kadier/statuses/351824209544097792|None|None
tag:search.twitter.com,2005:351835320792252417|2013-07-01T22:50:51.000Z|sometimes i wonder if i will ever be smart #keepdreaming|None|None|None|['en']|en|en|[28.87395867, -13.82116208]|Point|['[-13.8821654, 28.8383932]', '[-13.8821654, 29.0366774]', '[-13.6940322, 29.0366774]', '[-13.6940322, 28.8383932]']|Polygon|Yaiza, Palmas|ES|None|None|None|None|None|None|None|None|None|None|iamabitch‚òØ|poppylewisxo|1030915357|37|275|510|0|799|Tweet|None|None|None
tag:search.twitter.com,2005:351835320645459968|2013-07-01T22:50:51.000Z|@JADEMEIMOUN1 mdrrrr ohh nan sa serai dommageee|None|None|None|['fr']|en|fr|[48.88389837, 2.38612415]|Point|['[2.2241006, 48.8155414]', '[2.2241006, 48.9021461]', '[2.4699099, 48.9021461]', '[2.4699099, 48.8155414]']|Polygon|Paris, Paris|FR|None|None|None|None|None|None|None|None|None|None|BIRTHHHHDAYYYYYYY|DvorahMergui|919844498|44|94|66|1|5267|Reply|http://twitter.com/JADEMEIMOUN1/statuses/351835011810463744|None|None
tag:search.twitter.com,2005:351835320817426433|2013-07-01T22:50:51.000Z|Como cuando grito ¬°¬°*Jos√©*!! y la mayoria de mis primos voltea ...|None|None|None|['es']|en|es|[14.9673297, -91.7889038]|Point|['[-94.230569, 14.5319181]', '[-94.230569, 17.985291]', '[-90.37140699999999, 17.985291]', '[-90.37140699999999, 14.5319181]']|Polygon|Chiapas, M√©xico|MX|-10800|Guatemala|None|None|None|None|None|None|None|None|Pilar Ochoa|PiLigrOsa|107307381|39|280|258|0|2632|Tweet|None|None|None
tag:search.twitter.com,2005:351835321006170112|2013-07-01T22:50:51.000Z|Tweeting for no reason|None|None|None|['en']|en|en|[47.0353488, -122.7995873]|Point|['[-122.839691, 46.980616]', '[-122.839691, 47.120329]', '[-122.738243, 47.120329]', '[-122.738243, 46.980616]']|Polygon|Lacey, WA|US|None|None|None|None|None|None|None|None|None|None|aG‚Ç¨Nt ¬•¬£  ¬§w|godsgentlegiant|1518643968|41|71|67|0|1474|Tweet|None|None|None
tag:search.twitter.com,2005:351835321056509952|2013-07-01T22:50:51.000Z|And I'm the one that always gets hit on. OKAAAAY.|None|None|None|['en']|en|en|[34.09956425, -117.40411515]|Point|['[-117.436711, 34.023746]', '[-117.436711, 34.184163]', '[-117.341401, 34.184163]', '[-117.341401, 34.023746]']|Polygon|Rialto, CA|US|-28800|Arizona-Cali|None|None|None|None|None|None|None|None|Cilli‚ô°|Cilli_021112|382278854|30|557|440|1|18434|Tweet|None|None|None
tag:search.twitter.com,2005:351835320297328640|2013-07-01T22:50:51.000Z|@CheniseFowlisX yeah üòÇ|None|None|None|['en']|en|vi|[53.28722009, -3.21569687]|Point|['[-3.400604, 53.072143999999994]', '[-3.400604, 53.361909]', '[-2.920279, 53.361909]', '[-2.920279, 53.072143999999994]']|Polygon|Flintshire, Flintshire|GB|0|Leeds- UK / Greenfield- Wales|None|None|None|None|None|None|None|None|marshaa|marshaleighm|269323425|44|767|486|0|17549|Reply|http://twitter.com/CheniseFowlisX/statuses/351834114531409920|None|None
tag:search.twitter.com,2005:351835321220075524|2013-07-01T22:50:52.000Z|@justinbagdr no, non mi far star meglio.|None|None|None|['it']|it|it|None|None|['[14.1332005, 40.7920697]', '[14.1332005, 40.9159313]', '[14.3537026, 40.9159313]', '[14.3537026, 40.7920697]']|Polygon|Napoli, Napoli|IT|None|#bagdr @limitdemibagdr|None|None|None|None|None|None|None|None|demi.|demibagdr|1542203100|44|64|58|0|1872|Reply|http://twitter.com/justinbagdr/statuses/351833684762038273|None|None
tag:search.twitter.com,2005:351835321081659392|2013-07-01T22:50:51.000Z|@xhazzasdimples Probabile AHAHHAHAHAHAHAHAHAHAH ODDIO MARIA AHAHAHHAHAHAHA QUELLA SERA QUANTA CE NE SIAMO FUMATA AHAHAHHAHAHAHAHAHA|None|None|None|['it']|it|it|[41.73604, 12.2890263]|Point|['[12.2344266, 41.6558738]', '[12.2344266, 42.140958999999995]', '[12.8558641, 42.140958999999995]', '[12.8558641, 41.6558738]']|Polygon|Roma, Roma|IT|7200|Big Ben's tip|None|None|None|None|None|None|None|None|She's my Louis ‚ù§|xliamsdreams|562092674|53|5084|3802|11|30163|Reply|http://twitter.com/xhazzasdimples/statuses/351835128290480129|None|None
tag:search.twitter.com,2005:351835321442385921|2013-07-01T22:50:52.000Z|Mandei a foto do Piqu√© e o fc n respondeu at√© agr , ela infarto na frente do pc kkkkkkkkkkkkkkkkkkkkkkkkkkkkkkkkkkk|None|None|None|['pt']|pt|pt|None|None|['[-50.899727999999996, -21.454719]', '[-50.899727999999996, -20.830645999999998]', '[-50.342965, -20.830645999999998]', '[-50.342965, -21.454719]']|Polygon|Ara√ßatuba, S√£o Paulo|BR|-10800|na cama do mari :p|None|None|None|None|None|None|None|None|lorena uai ‚àû|Fc_GritaAmor|397609113|44|1248|1962|0|11161|Tweet|None|None|None
tag:search.twitter.com,2005:351835321425608704|2013-07-01T22:50:52.000Z|O matheus Andr√© ta me falando aqui , tem quase 1ano q n√£o vejo meu amigo , q saudade dele|None|None|None|['pt']|pt|pt|[-22.72046574, -43.57919689]|Point|['[-43.645123999999996, -22.783967999999998]', '[-43.645123999999996, -22.678859]', '[-43.512217, -22.678859]', '[-43.512217, -22.783967999999998]']|Polygon|Queimados, Rio de Janeiro|BR|-10800|Rio de Janeiro|None|None|None|None|None|None|None|None|Shelyda|ShelydaDays|70959019|40|128|76|0|1419|Tweet|None|None|None
tag:search.twitter.com,2005:351835320859369475|2013-07-01T22:50:51.000Z|@Mulayhim hatha bs one exam. Other exams y6l3oon roo7na other than the project also -.-|None|None|None|['en']|en|en|[52.21599153, 6.88528201]|Point|['[6.7559955, 52.1611799]', '[6.7559955, 52.2855112]', '[6.981173999999999, 52.2855112]', '[6.981173999999999, 52.1611799]']|Polygon|Enschede|NL|3600|Netherlands\Enschede|None|None|None|None|None|None|None|None|L|Karkooba|1252736376|30|48|88|0|957|Reply|http://twitter.com/Mulayhim/statuses/351817617452965889|None|None
tag:search.twitter.com,2005:351835321471746048|2013-07-01T22:50:52.000Z|üòï Hmm...|None|None|None|['en']|None|en|[42.21746118, -78.03367083]|Point|['[-78.045887, 42.212985]', '[-78.045887, 42.232082]', '[-78.019534, 42.232082]', '[-78.019534, 42.212985]']|Polygon|Belmont, NY|US|None|None|None|None|None|None|None|None|None|None|Lindsey Chamberlain|Linnyy_Kayy|466042520|41|198|188|0|1897|Tweet|None|None|None
